Workbook

Sheet Seguimiento
A1: Seguimiento — Empate por Equipo (cuenta dedicada)
A2: Saldo inicial de la cuenta: | C2: 20050 | E2: =$10,000 banca + $10,050 utilidad acumulada
A3: Llena por jornada: monto de la apuesta, si empató (S/N/Omit) y el momio. El ingreso, el neto y el saldo se calculan solos.
A5: Fecha | B5: Jornada | C5: Equipo | D5: Rival | E5: L/V | F5: Paso | G5: Apuesta | H5: ¿Empató? (S/N/Omit) | I5: Momio | J5: Ingreso | K5: Neto | L5: Saldo
A6: 9-12 oct | B6: J8 | C6: Real Betis | D6: Osasuna | E6: L | F6: 1 | G6: 100 | J6: =IF($H6="S",$G6*$I6,0) | K6: =IF(OR($H6="",$H6="Omit"),0,IF($H6="S",$G6*$I6-$G6,-$G6)) | L6: =$C$2+$K6
A7: 9-12 oct | B7: J8 | C7: Rayo | D7: Athletic | E7: L | F7: 1 | G7: 100 | J7: =IF($H7="S",$G7*$I7,0) | K7: =IF(OR($H7="",$H7="Omit"),0,IF($H7="S",$G7*$I7-$G7,-$G7)) | L7: =$L6+$K7
A8: 9-12 oct | B8: J8 | C8: Alavés | D8: Atlético | E8: L | F8: 1 | G8: 100 | J8: =IF($H8="S",$G8*$I8,0) | K8: =IF(OR($H8="",$H8="Omit"),0,IF($H8="S",$G8*$I8-$G8,-$G8)) | L8: =$L7+$K8
A9: 9-12 oct | B9: J8 | C9: Sevilla | D9: Levante | E9: V | F9: 3 | G9: 400 | J9: =IF($H9="S",$G9*$I9,0) | K9: =IF(OR($H9="",$H9="Omit"),0,IF($H9="S",$G9*$I9-$G9,-$G9)) | L9: =$L8+$K9
A10: 9-12 oct | B10: J8 | C10: R. Sociedad | D10: Deportivo | E10: L | F10: 4 | G10: 800 | J10: =IF($H10="S",$G10*$I10,0) | K10: =IF(OR($H10="",$H10="Omit"),0,IF($H10="S",$G10*$I10-$G10,-$G10)) | L10: =$L9+$K10
J11: =IF($H11="S",$G11*$I11,0) | K11: =IF(OR($H11="",$H11="Omit"),0,IF($H11="S",$G11*$I11-$G11,-$G11)) | L11: =$L10+$K11
J12: =IF($H12="S",$G12*$I12,0) | K12: =IF(OR($H12="",$H12="Omit"),0,IF($H12="S",$G12*$I12-$G12,-$G12)) | L12: =$L11+$K12
J13: =IF($H13="S",$G13*$I13,0) | K13: =IF(OR($H13="",$H13="Omit"),0,IF($H13="S",$G13*$I13-$G13,-$G13)) | L13: =$L12+$K13
J14: =IF($H14="S",$G14*$I14,0) | K14: =IF(OR($H14="",$H14="Omit"),0,IF($H14="S",$G14*$I14-$G14,-$G14)) | L14: =$L13+$K14
J15: =IF($H15="S",$G15*$I15,0) | K15: =IF(OR($H15="",$H15="Omit"),0,IF($H15="S",$G15*$I15-$G15,-$G15)) | L15: =$L14+$K15
J16: =IF($H16="S",$G16*$I16,0) | K16: =IF(OR($H16="",$H16="Omit"),0,IF($H16="S",$G16*$I16-$G16,-$G16)) | L16: =$L15+$K16
J17: =IF($H17="S",$G17*$I17,0) | K17: =IF(OR($H17="",$H17="Omit"),0,IF($H17="S",$G17*$I17-$G17,-$G17)) | L17: =$L16+$K17
J18: =IF($H18="S",$G18*$I18,0) | K18: =IF(OR($H18="",$H18="Omit"),0,IF($H18="S",$G18*$I18-$G18,-$G18)) | L18: =$L17+$K18
J19: =IF($H19="S",$G19*$I19,0) | K19: =IF(OR($H19="",$H19="Omit"),0,IF($H19="S",$G19*$I19-$G19,-$G19)) | L19: =$L18+$K19
J20: =IF($H20="S",$G20*$I20,0) | K20: =IF(OR($H20="",$H20="Omit"),0,IF($H20="S",$G20*$I20-$G20,-$G20)) | L20: =$L19+$K20
J21: =IF($H21="S",$G21*$I21,0) | K21: =IF(OR($H21="",$H21="Omit"),0,IF($H21="S",$G21*$I21-$G21,-$G21)) | L21: =$L20+$K21
J22: =IF($H22="S",$G22*$I22,0) | K22: =IF(OR($H22="",$H22="Omit"),0,IF($H22="S",$G22*$I22-$G22,-$G22)) | L22: =$L21+$K22
... J70: =IF($H70="S",$G70*$I70,0) | K70: =IF(OR($H70="",$H70="Omit"),0,IF($H70="S",$G70*$I70-$G70,-$G70)) | L70: =$L69+$K70

Sheet Resumen equipo
A1: Resumen por equipo
A3: Equipo | B3: Utilidad histórica (hasta J7) | C3: Empates nuevos (este tracker) | D3: Neto nuevo (este tracker) | E3: Utilidad total | F3: Empates 2 torneos previos
A4: Real Betis | B4: 5220 | C4: =COUNTIFS(Seguimiento!$C:$C,$A4,Seguimiento!$H:$H,"S") | D4: =SUMIFS(Seguimiento!$K:$K,Seguimiento!$C:$C,$A4) | E4: =$B4+$D4 | F4: 12 / 15
A5: Rayo | B5: 840 | C5: =COUNTIFS(Seguimiento!$C:$C,$A5,Seguimiento!$H:$H,"S") | D5: =SUMIFS(Seguimiento!$K:$K,Seguimiento!$C:$C,$A5) | E5: =$B5+$D5 | F5: 13 / 14
A6: Alavés | B6: 3190 | C6: =COUNTIFS(Seguimiento!$C:$C,$A6,Seguimiento!$H:$H,"S") | D6: =SUMIFS(Seguimiento!$K:$K,Seguimiento!$C:$C,$A6) | E6: =$B6+$D6 | F6: 12 / 10
A7: R. Sociedad | B7: 20 | C7: =COUNTIFS(Seguimiento!$C:$C,$A7,Seguimiento!$H:$H,"S") | D7: =SUMIFS(Seguimiento!$K:$K,Seguimiento!$C:$C,$A7) | E7: =$B7+$D7 | F7: 7 / 13
A8: Sevilla | B8: 780 | C8: =COUNTIFS(Seguimiento!$C:$C,$A8,Seguimiento!$H:$H,"S") | D8: =SUMIFS(Seguimiento!$K:$K,Seguimiento!$C:$C,$A8) | E8: =$B8+$D8 | F8: 11 / 7
A9: TOTAL | B9: =SUM(B4:B8) | C9: =SUM(C4:C8) | D9: =SUM(D4:D8) | E9: =SUM(E4:E8)
A11: La utilidad histórica (+$10,050 total) ya está dentro del saldo inicial de $20,050 en la hoja Seguimiento. Aquí sirve de referencia por equipo.

Sheet Por jornada
A1: Neto y saldo por jornada
A3: Jornada | B3: Neto de la jornada | C3: Empates de la jornada
A4: J8 | B4: =SUMIFS(Seguimiento!$K:$K,Seguimiento!$B:$B,$A4) | C4: =COUNTIFS(Seguimiento!$B:$B,$A4,Seguimiento!$H:$H,"S")
A5: J9 | B5: =SUMIFS(Seguimiento!$K:$K,Seguimiento!$B:$B,$A5) | C5: =COUNTIFS(Seguimiento!$B:$B,$A5,Seguimiento!$H:$H,"S")
A6: J10 | B6: =SUMIFS(Seguimiento!$K:$K,Seguimiento!$B:$B,$A6) | C6: =COUNTIFS(Seguimiento!$B:$B,$A6,Seguimiento!$H:$H,"S")
A7: J11 | B7: =SUMIFS(Seguimiento!$K:$K,Seguimiento!$B:$B,$A7) | C7: =COUNTIFS(Seguimiento!$B:$B,$A7,Seguimiento!$H:$H,"S")
A8: J12 | B8: =SUMIFS(Seguimiento!$K:$K,Seguimiento!$B:$B,$A8) | C8: =COUNTIFS(Seguimiento!$B:$B,$A8,Seguimiento!$H:$H,"S")
A9: J13 | B9: =SUMIFS(Seguimiento!$K:$K,Seguimiento!$B:$B,$A9) | C9: =COUNTIFS(Seguimiento!$B:$B,$A9,Seguimiento!$H:$H,"S")
A10: J14 | B10: =SUMIFS(Seguimiento!$K:$K,Seguimiento!$B:$B,$A10) | C10: =COUNTIFS(Seguimiento!$B:$B,$A10,Seguimiento!$H:$H,"S")
A11: J15 | B11: =SUMIFS(Seguimiento!$K:$K,Seguimiento!$B:$B,$A11) | C11: =COUNTIFS(Seguimiento!$B:$B,$A11,Seguimiento!$H:$H,"S")
